contract_address,editor,canvas_id,x,y,color,tx_hash,block_number,block_hash,network,tx_index,log_index
0x1c3f30eee83a0c6a30b91df7feb038dee8f27fc8,0xb29f7e442a805217f9635edf364b16f85b630d67,1,4,9,15075850,0x2984874b21431a3f89f1fcd2519b612c46ee3234fcc0fa08549a868b6766974f,29824348,0x0018b028058b844bb5bb34513c0eca35d63e20a28905b78c3f0841961a19245f,base-sepolia
0x1c3f30eee83a0c6a30b91df7feb038dee8f27fc8,0xb29f7e442a805217f9635edf364b16f85b630d67,2,4,6,16777215,0x6c6dfe138087e6be6882db545c82b939c0ae4871528351c671bb4c36aad02f9e,29825384,0x82033c74ec34e67ef3e2604c5a28b020a22bddb2be8d0ef5aaed318686e9b2d5,base-sepolia
0x1c3f30eee83a0c6a30b91df7feb038dee8f27fc8,0xb29f7e442a805217f9635edf364b16f85b630d67,2,5,6,16777215,0x328cb3227892172487943919363d9470dd2d762497ed076823c200adab4a5864,29825388,0xc00130fbadc168192dc5203f0625a05f77a7710c4c0ae54f2c8f8d3e28e4ec4a,base-sepolia
0x1c3f30eee83a0c6a30b91df7feb038dee8f27fc8,0xb29f7e442a805217f9635edf364b16f85b630d67,2,3,5,16777215,0x4b4e7077ec0cc50b2ce57450e4a189392c23b42fc59fabd7ae1b2b691a4d5a36,29825391,0x3264b7550f244c5410aeaba8a225f488b0f877d577e71cbf645e4a6e271f0f64,base-sepolia
0x1c3f30eee83a0c6a30b91df7feb038dee8f27fc8,0xb29f7e442a805217f9635edf364b16f85b630d67,2,3,4,16777215,0x9f3c34291051038bc52a2fc99f13f0f036daaf43beae4a0b8ed07f3e494f6e57,29825395,0x1f9c192da89011082f8dd8d7863fed34b37d1f388c195b14ac0103c12d8a28e5,base-sepolia
0x1c3f30eee83a0c6a30b91df7feb038dee8f27fc8,0xb29f7e442a805217f9635edf364b16f85b630d67,2,4,3,16777215,0xc20429a114f87696d5bff3f007e6a3eb0e9e87f6abd2aff56ec3aa9838473147,29825397,0xd0b7a5ae3a187527cb26546416c6f2c988e1b517f533d511a268e70e3b437c44,base-sepolia
0x1c3f30eee83a0c6a30b91df7feb038dee8f27fc8,0xb29f7e442a805217f9635edf364b16f85b630d67,2,5,3,16777215,0xe1ee3573e2320b56edb8235f65765791c9ba4306b90e21f26d64c5f45b5ac964,29825398,0xc3d32f776ccdb35b231d2a5b5e11bad954812f35c250a67c0abc6821bc8e9a0c,base-sepolia
0x1c3f30eee83a0c6a30b91df7feb038dee8f27fc8,0xb29f7e442a805217f9635edf364b16f85b630d67,2,5,5,255,0x1f6da55ced68caa0ea9f3af1528b3fe2987764728175b50dcdd47568c1206117,29825406,0xcd99243700f1f84899f45141dcac2768cc8937e1e8db2ad6a64c89bd559352af,base-sepolia
0x1c3f30eee83a0c6a30b91df7feb038dee8f27fc8,0xb29f7e442a805217f9635edf364b16f85b630d67,2,4,4,255,0xbd348919ccda53d76fd7b77ee7bff498d21ea2a251edc87927a40c32c07a7108,29825411,0x41597cb053b8d720b2163fff4853307c5db4d021221a8d53c4e8419cbc9cf5a8,base-sepolia
0x1c3f30eee83a0c6a30b91df7feb038dee8f27fc8,0xb29f7e442a805217f9635edf364b16f85b630d67,2,4,5,255,0xce6f50afc2dca06cf46eadc90572d6e6cb14403e8ca7e79e4cacae766f88d74d,29825416,0xa4784171d7301bee106373394497b4e24f2e5af684e8cc806cddeae6e1698703,base-sepolia
0x1c3f30eee83a0c6a30b91df7feb038dee8f27fc8,0xb29f7e442a805217f9635edf364b16f85b630d67,2,5,4,16777215,0x2120a140610c28ec26e84ac626f4b19f017d02fbb4aab9a7d0b5f3c19ac59773,29825419,0xf150145c7575c6078fdde7d4acbbc57db1e68d37f4ce496c1322b6d6497c15a6,base-sepolia
0x1c3f30eee83a0c6a30b91df7feb038dee8f27fc8,0xb29f7e442a805217f9635edf364b16f85b630d67,2,5,4,255,0x749dee7f67d65fbba2ec37b0a952fe8c6e1b345c81419528eee5d018703aa314,29825426,0x416d298379afc1ea3464ddb406fcf91adfa0e300b16b4e6fcba5b42ca84e3488,base-sepolia
0x1c3f30eee83a0c6a30b91df7feb038dee8f27fc8,0xb29f7e442a805217f9635edf364b16f85b630d67,2,3,3,255,0x8d358a153cae885ce96f07ba6437dd480ba2cb5c2ad4bbbb126e0f6ee7673134,29825430,0x6d3fe67474005da362a2bebc64ab6df2bb92e0bb301216c7471511057a36d8ae,base-sepolia
0x1c3f30eee83a0c6a30b91df7feb038dee8f27fc8,0xb29f7e442a805217f9635edf364b16f85b630d67,2,4,2,16777215,0x56d8c727a7d1bbb83c31338a7949ad070d2df1fd80fe799c5c4a29fbbada2207,29825433,0x72b35d9ab3004e203b09acfdadeef14563e8d1925efa6923acfaa090d064f2c5,base-sepolia
0x1c3f30eee83a0c6a30b91df7feb038dee8f27fc8,0xb29f7e442a805217f9635edf364b16f85b630d67,2,5,2,255,0xd357a7cf85ca92295f7c3451257ab5c0e591d40a93e06893408fa7d2325c8a89,29825439,0xa8fdadd00b0478ca9af08c2579d9b5595e8662e62e9f797d914e87ca624c8205,base-sepolia
0x1c3f30eee83a0c6a30b91df7feb038dee8f27fc8,0xb29f7e442a805217f9635edf364b16f85b630d67,2,4,2,16777215,0x6f9bb8dbd9314ac5942dd57f1f3ef34bd511ab6552496ec96bb0ad37940c0a56,29825442,0x569162be5b2ac410d5bca41a8a6e182b715a187eeadecc501ea599ec3cc8a5f2,base-sepolia
0x1c3f30eee83a0c6a30b91df7feb038dee8f27fc8,0xb29f7e442a805217f9635edf364b16f85b630d67,2,4,2,255,0xfe633cbc1bd0497f3f4616b9b9b466207461aca70448eaf7f8b7fc95c76aa2a4,29825447,0xfc494572bac1255cacfe721e067171aac6a625aceea74089ae7d0778321bfeb9,base-sepolia
0x1c3f30eee83a0c6a30b91df7feb038dee8f27fc8,0xb29f7e442a805217f9635edf364b16f85b630d67,2,3,2,255,0xaa8c238731ad21eba7a9fc764ecae042232066688aadf39f3c13e192d1211311,29825453,0x1d4e37ba711dd8b292138ba3fa2d404687c012fbfc19ee25a72a54a361fcf410,base-sepolia
0x1c3f30eee83a0c6a30b91df7feb038dee8f27fc8,0xb29f7e442a805217f9635edf364b16f85b630d67,2,6,2,16777215,0xb0efffd6dba813410633e20505df36de975298a9955d4359adcafbd8740a8489,29825456,0x07e9d1a62208495d5f7396ecb77c9b1573fd9583d9c2352b5281344b0bb8222d,base-sepolia
0x1c3f30eee83a0c6a30b91df7feb038dee8f27fc8,0xb29f7e442a805217f9635edf364b16f85b630d67,2,6,3,255,0x2d6ae42812149559ec14aef499bd35bde02295f154d3da5c7a9d28792d9d3829,29825460,0x372f836f2dba22dec5b54f38f691a6ad53a9ad23efcd5759dc636e5c18cfe5cd,base-sepolia
0x1c3f30eee83a0c6a30b91df7feb038dee8f27fc8,0xb29f7e442a805217f9635edf364b16f85b630d67,2,6,2,255,0xbda51b7205e0c66d4ef8be28dade2212624f94b26a6cf8eda0460e5b16056777,29825465,0x8f4c46cd0c85faf46dfd16469e7f08b13b5f8ef53ee0c84a6e5a9efb27dd7c54,base-sepolia
0x1c3f30eee83a0c6a30b91df7feb038dee8f27fc8,0xb29f7e442a805217f9635edf364b16f85b630d67,2,6,4,255,0xc40c4273ceecf8bca9169d3d1f922d78b662c7424e936e108acde0d7ecc37ec9,29825470,0x347d016618af11fa54c3728da5fc38de5337cfa2bdaa56ccc7d975b7e84fbd09,base-sepolia
0x1c3f30eee83a0c6a30b91df7feb038dee8f27fc8,0xb29f7e442a805217f9635edf364b16f85b630d67,2,6,5,255,0xe93883d1c0a22208ede0e3625e3804477cbbe2872e530e1408bb33cf61ab7a25,29825476,0x41c4604ef5becf41671483b1a17d641ff172f62c485b43af89cb67b0c557b1f5,base-sepolia
0x1c3f30eee83a0c6a30b91df7feb038dee8f27fc8,0xb29f7e442a805217f9635edf364b16f85b630d67,2,6,6,255,0x383799427b583e241a9475b39c17d20130c2d8c0e4da7d8584d770653fdf511c,29825481,0xf1bd076a4b4ae8507111106c802ff783265150129b622aa7994323b85390305f,base-sepolia
0x1c3f30eee83a0c6a30b91df7feb038dee8f27fc8,0xb29f7e442a805217f9635edf364b16f85b630d67,2,6,7,255,0xa104d0dcf14e2862f06728d1688c9d5f9187ce2987a18577bc667f6f444418e4,29825487,0x811c894b0ef8a2fef016bce767e7483411eae1eb575b2eb70d2c365baf0a1d7c,base-sepolia
0x1c3f30eee83a0c6a30b91df7feb038dee8f27fc8,0xb29f7e442a805217f9635edf364b16f85b630d67,2,5,7,255,0xfb2c1f1b90f1197c639de3830817c5549a5469defeaced4f81803cef47b903c0,29825493,0x02c6cc29862ae2d0c55b35dd28688dd32ee92b10f5653565ef19e873458fb9d9,base-sepolia
0x1c3f30eee83a0c6a30b91df7feb038dee8f27fc8,0xb29f7e442a805217f9635edf364b16f85b630d67,2,3,7,255,0xfdbbd07a5b9ca91b2c0b7776a88c8502cd7009017b34e0ec22dae2135740b3be,29825497,0x8c1d039bb612e73299a910c846e308f1bab068fe38b53e01c9e1b6500d550ccd,base-sepolia
0x1c3f30eee83a0c6a30b91df7feb038dee8f27fc8,0xb29f7e442a805217f9635edf364b16f85b630d67,2,4,7,255,0x8f400a8920a154669e846273c96cdb141c499572fdeeda170bfe7aa33c3b80e6,29825502,0x3348157e9857c9b4e1c3f6dbd2aaf82c2a5a4d81f71095b28f58a44eb591200b,base-sepolia
0x1c3f30eee83a0c6a30b91df7feb038dee8f27fc8,0xb29f7e442a805217f9635edf364b16f85b630d67,2,3,6,255,0xbd94d1ca92bd982df34bc67164f7c34469c6daecd406c72a3a15f2a5fbcc934f,29825507,0x96a9e9ae329cd05c213124e6272914bc6ea7332bfcca37a52c53cd30fd181715,base-sepolia
0x1c3f30eee83a0c6a30b91df7feb038dee8f27fc8,0xb29f7e442a805217f9635edf364b16f85b630d67,2,2,5,255,0x700d25cc7dbe652598eb47bf4071cee1cdb28c191356a0f9886b5255ab841091,29825512,0xade6a5f978724ad870d24b8baadaa77388fc48cf2a81f5009ab475fbd6786d68,base-sepolia
0x1c3f30eee83a0c6a30b91df7feb038dee8f27fc8,0xb29f7e442a805217f9635edf364b16f85b630d67,2,2,4,255,0x6db122c3963612a97e3c19bbe0e9f6c7814758a7ced73f64ff22e29a84a644ea,29825517,0xa7d2a9bac9ba6ed16057cd69180f200e45b33a43efa2d3f989fbc5a7a7e41f7d,base-sepolia
0x1c3f30eee83a0c6a30b91df7feb038dee8f27fc8,0xb29f7e442a805217f9635edf364b16f85b630d67,2,2,3,255,0x8fadb7c0525b0a2c037bc765284623be0c73ab5ca70e5b338222840ce866e57a,29825524,0x3549d94ad793c77fc369a11f113d9a9618554c6e105db768af6f47968499f51c,base-sepolia
0x1c3f30eee83a0c6a30b91df7feb038dee8f27fc8,0xb29f7e442a805217f9635edf364b16f85b630d67,2,2,7,255,0x08729a6ff54aea10f9fd016f1b65227e33ef28407c9f87b6f48d52e85ab96f89,29825529,0xdd66c4e4091b82b76a0eb8bd237f18c4e90d09f48518345e79e20d5313f3b144,base-sepolia
0x1c3f30eee83a0c6a30b91df7feb038dee8f27fc8,0xb29f7e442a805217f9635edf364b16f85b630d67,2,2,7,255,0xb83860cffc0585e7c90b1e3d61239a8c045a59dcf17f89ce50c8395f6783da28,29825534,0x97dc352d10e345d0499affd9b05575cf01247c52f701825edf6f986525371b49,base-sepolia
0x1c3f30eee83a0c6a30b91df7feb038dee8f27fc8,0xb29f7e442a805217f9635edf364b16f85b630d67,2,2,2,255,0x1346ae6f2ff7ce0b0b6906e4ffd18522e5f31bf325acc308342897697422af93,29825539,0xb605a8571c8b3f070a6deadff8291ea129a38454078e81bc0d51466e14e0b17a,base-sepolia
0x1c3f30eee83a0c6a30b91df7feb038dee8f27fc8,0xb29f7e442a805217f9635edf364b16f85b630d67,2,2,6,255,0x0de0a86b2a21ff9c3d3b5cb4c1f8ad13989483b78c03cc8fe3a11bc27a4e3aa3,29825547,0x2961e38a22564bb7a69ca2358efc1c0d991c071a4b4edc42ed316e81e81aee92,base-sepolia
0x1c3f30eee83a0c6a30b91df7feb038dee8f27fc8,0xb29f7e442a805217f9635edf364b16f85b630d67,4,2,2,255,0xe726b347b1c97b618451ca89a7699e88c8093e18a6d1301560c408eb9bc42c2f,29827006,0x8ccadb32f9adfa60265c3a723067f08d815359b1e62f0a7deefd4343a821d1f5,base-sepolia
